<?xml version="1.0" encoding="UTF-8" standalone="no"?><ImageJprefs><user><user.ROI>ROI\OT-2012-10-12-tetradecanol-3600s_TIFF.zip</user.ROI><user.Output.path>F:\test\</user.Output.path><user.PixelSize>0.009999999776482582</user.PixelSize><user.wavelength>0.709</user.wavelength><user.DetectorDistance>72.5999984741211</user.DetectorDistance><user.QDiv>1000</user.QDiv><user.e>1.0</user.e><user.centerx>2887</user.centerx><user.centery>1702</user.centery><user.qmax>3.5</user.qmax><user.typeofcalcul>true</user.typeofcalcul><user.alpha_deg>83.0</user.alpha_deg><user.xmlpref.file>F:\test\paramImageJ.xml</user.xmlpref.file><user.MaskImageName>F:\test\\mask5.tif</user.MaskImageName></user></ImageJprefs>