<parameters><comment datatype="unicode" description="comment" order="10">1.0</comment><D datatype="float" description="Detector to sample distance (cm)" order="3">120.4</D><flux datatype="float" description="Total Flux = Incident Flux * K (ph/s)" formula="IncidentFlux*K" order="17">46891900.0</flux><transmission datatype="float" description="Transmission" formula="TransmittedFlux/IncidentFlux" order="13">0.358324145535</transmission><K datatype="float" description="K constant" order="16">5170000.0</K><DeltaOmega datatype="float" description="Delta Omega" formula="(pixel_size/D)**2" order="15">1.55213518615e-08</DeltaOmega><thickness datatype="float" description="Thickness" order="14">0.3</thickness><q_by_pixel datatype="float" description="q by pixel (-1 if not used)" order="5">-1.0</q_by_pixel><TransmittedFlux datatype="float" description="Transmitted Flux" order="12">3.25</TransmittedFlux><backgd_by_pix datatype="float" description="Background by pixel" order="8">14.55</backgd_by_pix><backgd datatype="float" description="Total background (B by pixel + B by s * time)" formula="backgd_by_pix+backgd_by_s*time" order="9">15.666</backgd><time datatype="float" description="Exposition time (s)" order="6">1800.0</time><wavelength datatype="float" description="Wavelength (A)" order="2">1.542</wavelength><backgd_by_s datatype="float" description="Background by second" order="7">0.00062</backgd_by_s><filename datatype="unicode" description="Filename" order="1">sample-lupolen-absolu.xml</filename><IncidentFlux datatype="float" description="Incident Flux" order="11">9.07</IncidentFlux><pixel_size datatype="float" description="Pixel size (cm)" order="4">0.015</pixel_size></parameters>